36.53x,"rgb(192, 23, 180)",2024-07-24 19:20:46
7.92x,"rgb(145, 62, 248)",2024-07-24 19:20:46
8.68x,"rgb(145, 62, 248)",2024-07-24 19:20:46
1.56x,"rgb(52, 180, 255)",2024-07-24 19:20:46
4.68x,"rgb(145, 62, 248)",2024-07-24 19:20:46
5.77x,"rgb(145, 62, 248)",2024-07-24 19:02:31
1.22x,"rgb(52, 180, 255)",2024-07-24 19:20:46
1.96x,"rgb(52, 180, 255)",2024-07-24 19:20:46
2.11x,"rgb(145, 62, 248)",2024-07-24 19:20:46
1.09x,"rgb(52, 180, 255)",2024-07-24 19:02:29
2.12x,"rgb(145, 62, 248)",2024-07-24 19:20:46
7.24x,"rgb(145, 62, 248)",2024-07-24 19:20:46
36.53x,"rgb(192, 23, 180)",2024-07-24 19:25:50
7.92x,"rgb(145, 62, 248)",2024-07-24 19:25:50
8.68x,"rgb(145, 62, 248)",2024-07-24 19:25:50
4.47x,"rgb(145, 62, 248)",2024-07-24 19:20:46
1.66x,"rgb(52, 180, 255)",2024-07-24 19:20:46
15.80x,"rgb(192, 23, 180)",2024-07-24 19:20:46
1.01x,"rgb(52, 180, 255)",2024-07-24 19:02:31
1.42x,"rgb(52, 180, 255)",2024-07-24 19:20:46
2.15x,"rgb(145, 62, 248)",2024-07-24 19:20:46
14.46x,"rgb(192, 23, 180)",2024-07-24 19:20:47
4.24x,"rgb(145, 62, 248)",2024-07-24 19:20:48
1.52x,"rgb(52, 180, 255)",2024-07-24 19:20:48
1.11x,"rgb(52, 180, 255)",2024-07-24 19:02:24
1.15x,"rgb(52, 180, 255)",2024-07-24 19:02:25
2.81x,"rgb(145, 62, 248)",2024-07-24 19:02:25
1.92x,"rgb(52, 180, 255)",2024-07-24 19:02:26
16.87x,"rgb(192, 23, 180)",2024-07-24 19:02:27
1.91x,"rgb(52, 180, 255)",2024-07-24 19:02:27
1.38x,"rgb(52, 180, 255)",2024-07-24 19:02:27
1.61x,"rgb(52, 180, 255)",2024-07-24 19:02:28
4.13x,"rgb(145, 62, 248)",2024-07-24 19:02:28
1.81x,"rgb(52, 180, 255)",2024-07-24 19:02:28
182.28x,"rgb(192, 23, 180)",2024-07-24 19:02:28
2.24x,"rgb(145, 62, 248)",2024-07-24 19:02:28
1.09x,"rgb(52, 180, 255)",2024-07-24 19:20:46
2.24x,"rgb(145, 62, 248)",2024-07-24 19:02:29
13.07x,"rgb(192, 23, 180)",2024-07-24 19:02:29
1.49x,"rgb(52, 180, 255)",2024-07-24 19:02:30
5.77x,"rgb(145, 62, 248)",2024-07-24 19:20:46
1.01x,"rgb(52, 180, 255)",2024-07-24 19:20:46
2.90x,"rgb(145, 62, 248)",2024-07-24 19:02:32
1.23x,"rgb(52, 180, 255)",2024-07-24 19:02:32
3.67x,"rgb(145, 62, 248)",2024-07-24 19:02:32
3.11x,"rgb(145, 62, 248)",2024-07-24 19:02:32
1.07x,"rgb(52, 180, 255)",2024-07-24 19:02:33
1.23x,"rgb(52, 180, 255)",2024-07-24 19:02:33
27.43x,"rgb(192, 23, 180)",2024-07-24 19:02:33
1.41x,"rgb(52, 180, 255)",2024-07-24 19:02:33
5.39x,"rgb(145, 62, 248)",2024-07-24 20:35:30
1.97x,"rgb(52, 180, 255)",2024-07-24 20:35:30
1.79x,"rgb(52, 180, 255)",2024-07-24 20:35:30
1.84x,"rgb(52, 180, 255)",2024-07-24 20:35:30
1.00x,"rgb(52, 180, 255)",2024-07-24 20:35:31
1.35x,"rgb(52, 180, 255)",2024-07-24 20:35:31
2.08x,"rgb(145, 62, 248)",2024-07-24 20:35:31
1.17x,"rgb(52, 180, 255)",2024-07-24 20:35:31
8.75x,"rgb(145, 62, 248)",2024-07-24 20:35:31
2.66x,"rgb(145, 62, 248)",2024-07-24 20:35:31
1.65x,"rgb(52, 180, 255)",2024-07-24 20:35:32
3.92x,"rgb(145, 62, 248)",2024-07-24 20:35:33
2.98x,"rgb(145, 62, 248)",2024-07-24 20:35:33
3.82x,"rgb(145, 62, 248)",2024-07-24 20:35:33
2.74x,"rgb(145, 62, 248)",2024-07-24 20:35:33
1.99x,"rgb(52, 180, 255)",2024-07-24 20:35:33
3.53x,"rgb(145, 62, 248)",2024-07-24 20:35:33
4.15x,"rgb(145, 62, 248)",2024-07-24 20:35:33
1.14x,"rgb(52, 180, 255)",2024-07-24 20:35:33
1.73x,"rgb(52, 180, 255)",2024-07-24 20:35:34
2.41x,"rgb(145, 62, 248)",2024-07-24 20:35:34
1.43x,"rgb(52, 180, 255)",2024-07-24 20:35:34
2.57x,"rgb(145, 62, 248)",2024-07-24 20:35:34
1.96x,"rgb(52, 180, 255)",2024-07-24 20:35:31
1.43x,"rgb(52, 180, 255)",2024-07-24 21:51:07
2.16x,"rgb(145, 62, 248)",2024-07-24 21:51:08
3.64x,"rgb(145, 62, 248)",2024-07-24 21:51:08
4.73x,"rgb(145, 62, 248)",2024-07-24 21:51:08
1.88x,"rgb(52, 180, 255)",2024-07-24 21:51:08
2.87x,"rgb(145, 62, 248)",2024-07-24 21:51:08
1.67x,"rgb(52, 180, 255)",2024-07-24 21:51:08
1.27x,"rgb(52, 180, 255)",2024-07-24 21:51:08
2.13x,"rgb(145, 62, 248)",2024-07-24 21:51:08
8.88x,"rgb(145, 62, 248)",2024-07-24 21:51:08
1.25x,"rgb(52, 180, 255)",2024-07-24 21:51:08
13.59x,"rgb(192, 23, 180)",2024-07-24 21:51:08
1.54x,"rgb(52, 180, 255)",2024-07-24 21:51:08
15.93x,"rgb(192, 23, 180)",2024-07-24 21:51:08
1.74x,"rgb(52, 180, 255)",2024-07-24 21:51:08
6.12x,"rgb(145, 62, 248)",2024-07-24 21:51:08
1.26x,"rgb(52, 180, 255)",2024-07-24 21:51:08
1.09x,"rgb(52, 180, 255)",2024-07-24 21:51:08
1.10x,"rgb(52, 180, 255)",2024-07-24 21:51:08
2.02x,"rgb(145, 62, 248)",2024-07-24 21:51:08
3.60x,"rgb(145, 62, 248)",2024-07-24 21:51:08
1.38x,"rgb(52, 180, 255)",2024-07-24 21:51:08
12.36x,"rgb(192, 23, 180)",2024-07-24 21:51:08
304.61x,"rgb(192, 23, 180)",2024-07-24 21:51:08
3.35x,"rgb(145, 62, 248)",2024-07-24 21:51:08
1.69x,"rgb(52, 180, 255)",2024-07-25 10:42:53
1.57x,"rgb(52, 180, 255)",2024-07-25 10:42:53
1.15x,"rgb(52, 180, 255)",2024-07-25 10:42:53
1.70x,"rgb(52, 180, 255)",2024-07-25 10:42:54
9.23x,"rgb(145, 62, 248)",2024-07-25 10:42:55
1.25x,"rgb(52, 180, 255)",2024-07-25 10:42:55
1.75x,"rgb(52, 180, 255)",2024-07-25 10:42:55
1.10x,"rgb(52, 180, 255)",2024-07-25 10:42:55
5.40x,"rgb(145, 62, 248)",2024-07-25 10:42:56
6.52x,"rgb(145, 62, 248)",2024-07-25 10:42:56
2.09x,"rgb(145, 62, 248)",2024-07-25 10:42:56
1.19x,"rgb(52, 180, 255)",2024-07-25 10:42:56
3.52x,"rgb(145, 62, 248)",2024-07-25 10:42:56
1.41x,"rgb(52, 180, 255)",2024-07-25 10:42:56
11.04x,"rgb(192, 23, 180)",2024-07-25 10:42:56
1.12x,"rgb(52, 180, 255)",2024-07-25 10:42:56
3.53x,"rgb(145, 62, 248)",2024-07-25 10:42:56
5.80x,"rgb(145, 62, 248)",2024-07-25 10:42:57
2.22x,"rgb(145, 62, 248)",2024-07-25 10:42:57
2.06x,"rgb(145, 62, 248)",2024-07-25 10:42:57
18.85x,"rgb(192, 23, 180)",2024-07-25 10:42:57
5.98x,"rgb(145, 62, 248)",2024-07-25 10:42:57
1.39x,"rgb(52, 180, 255)",2024-07-25 10:42:57
1.13x,"rgb(52, 180, 255)",2024-07-25 10:42:57
9.97x,"rgb(145, 62, 248)",2024-07-25 10:42:57
5.01x,"rgb(145, 62, 248)",2024-07-25 11:13:09
1.34x,"rgb(52, 180, 255)",2024-07-25 11:13:10
1.87x,"rgb(52, 180, 255)",2024-07-25 11:13:10
1.05x,"rgb(52, 180, 255)",2024-07-25 11:13:10
2.38x,"rgb(145, 62, 248)",2024-07-25 11:13:10
9.41x,"rgb(145, 62, 248)",2024-07-25 11:13:10
2.49x,"rgb(145, 62, 248)",2024-07-25 11:13:10
48.86x,"rgb(192, 23, 180)",2024-07-25 11:13:10
57.72x,"rgb(192, 23, 180)",2024-07-25 11:13:10
2.59x,"rgb(145, 62, 248)",2024-07-25 11:13:10
2.39x,"rgb(145, 62, 248)",2024-07-25 11:13:11
1.99x,"rgb(52, 180, 255)",2024-07-25 11:13:11
1.05x,"rgb(52, 180, 255)",2024-07-25 11:13:12
3.25x,"rgb(145, 62, 248)",2024-07-25 11:13:13
1.08x,"rgb(52, 180, 255)",2024-07-25 11:13:13
1.11x,"rgb(52, 180, 255)",2024-07-25 11:13:13
3.54x,"rgb(145, 62, 248)",2024-07-25 11:13:13
1.20x,"rgb(52, 180, 255)",2024-07-25 11:13:13
7.29x,"rgb(145, 62, 248)",2024-07-25 11:13:13
1.30x,"rgb(52, 180, 255)",2024-07-25 11:13:13
4.10x,"rgb(145, 62, 248)",2024-07-25 11:13:13
1.49x,"rgb(52, 180, 255)",2024-07-25 11:13:13
2.72x,"rgb(145, 62, 248)",2024-07-25 11:13:13
1.11x,"rgb(52, 180, 255)",2024-07-25 11:13:14
1.24x,"rgb(52, 180, 255)",2024-07-25 11:13:14
1.35x,"rgb(52, 180, 255)",2024-07-25 11:13:45
1.14x,"rgb(52, 180, 255)",2024-07-25 11:31:28
1.64x,"rgb(52, 180, 255)",2024-07-25 11:31:28
1.38x,"rgb(52, 180, 255)",2024-07-25 11:31:29
2.32x,"rgb(145, 62, 248)",2024-07-25 11:31:29
2.14x,"rgb(145, 62, 248)",2024-07-25 11:31:29
3.30x,"rgb(145, 62, 248)",2024-07-25 11:31:29
1.17x,"rgb(52, 180, 255)",2024-07-25 11:31:29
1.28x,"rgb(52, 180, 255)",2024-07-25 11:31:29
1.26x,"rgb(52, 180, 255)",2024-07-25 11:31:30
1.66x,"rgb(52, 180, 255)",2024-07-25 11:31:30
1.95x,"rgb(52, 180, 255)",2024-07-25 11:31:31
1.68x,"rgb(52, 180, 255)",2024-07-25 11:31:32
13.35x,"rgb(192, 23, 180)",2024-07-25 11:31:32
2.21x,"rgb(145, 62, 248)",2024-07-25 11:31:32
2.31x,"rgb(145, 62, 248)",2024-07-25 11:31:32
4.36x,"rgb(145, 62, 248)",2024-07-25 11:31:32
2.63x,"rgb(145, 62, 248)",2024-07-25 11:31:32
1.47x,"rgb(52, 180, 255)",2024-07-25 11:31:34
6.83x,"rgb(145, 62, 248)",2024-07-25 11:31:34
1.00x,"rgb(52, 180, 255)",2024-07-25 11:31:35
2.24x,"rgb(145, 62, 248)",2024-07-25 11:31:35
1.03x,"rgb(52, 180, 255)",2024-07-25 11:31:35
1.94x,"rgb(52, 180, 255)",2024-07-25 11:31:35
1.31x,"rgb(52, 180, 255)",2024-07-25 11:31:36
1.19x,"rgb(52, 180, 255)",2024-07-25 11:32:07
7.48x,"rgb(145, 62, 248)",2024-07-25 11:32:07
5.74x,"rgb(145, 62, 248)",2024-07-25 11:32:39
12.63x,"rgb(192, 23, 180)",2024-07-25 11:33:10
1.18x,"rgb(52, 180, 255)",2024-07-25 11:33:40
11.41x,"rgb(192, 23, 180)",2024-07-25 11:34:18
3.52x,"rgb(145, 62, 248)",2024-07-25 11:49:01
1.12x,"rgb(52, 180, 255)",2024-07-25 11:49:01
6.79x,"rgb(145, 62, 248)",2024-07-25 11:49:01
1.32x,"rgb(52, 180, 255)",2024-07-25 11:49:01
3.48x,"rgb(145, 62, 248)",2024-07-25 11:49:01
1.45x,"rgb(52, 180, 255)",2024-07-25 11:49:01
1.98x,"rgb(52, 180, 255)",2024-07-25 11:49:01
2.73x,"rgb(145, 62, 248)",2024-07-25 11:49:01
2.61x,"rgb(145, 62, 248)",2024-07-25 11:49:01
1.85x,"rgb(52, 180, 255)",2024-07-25 11:49:01
1.60x,"rgb(52, 180, 255)",2024-07-25 11:49:02
1.88x,"rgb(52, 180, 255)",2024-07-25 11:49:02
2.64x,"rgb(145, 62, 248)",2024-07-25 11:49:02
15.18x,"rgb(192, 23, 180)",2024-07-25 11:49:02
1.02x,"rgb(52, 180, 255)",2024-07-25 11:49:02
2.36x,"rgb(145, 62, 248)",2024-07-25 11:49:02
3.38x,"rgb(145, 62, 248)",2024-07-25 11:49:02
8.15x,"rgb(145, 62, 248)",2024-07-25 11:49:02
13.12x,"rgb(192, 23, 180)",2024-07-25 11:49:03
2.28x,"rgb(145, 62, 248)",2024-07-25 11:49:03
1.05x,"rgb(52, 180, 255)",2024-07-25 11:49:35
18.12x,"rgb(192, 23, 180)",2024-07-25 11:49:40
2.78x,"rgb(145, 62, 248)",2024-07-25 11:50:16
1.33x,"rgb(52, 180, 255)",2024-07-25 11:50:16
1.03x,"rgb(52, 180, 255)",2024-07-25 11:50:46
5.11x,"rgb(145, 62, 248)",2024-07-25 11:50:46
1.00x,"rgb(52, 180, 255)",2024-07-25 11:51:17
1.35x,"rgb(52, 180, 255)",2024-07-25 11:51:17
1.09x,"rgb(52, 180, 255)",2024-07-25 11:51:17
1.44x,"rgb(52, 180, 255)",2024-07-25 11:51:47
2.55x,"rgb(145, 62, 248)",2024-07-25 11:52:18
1.84x,"rgb(52, 180, 255)",2024-07-25 11:52:18
2.35x,"rgb(145, 62, 248)",2024-07-25 11:52:48
14.45x,"rgb(192, 23, 180)",2024-07-25 11:53:51
1.20x,"rgb(52, 180, 255)",2024-07-25 11:53:51
95.61x,"rgb(192, 23, 180)",2024-07-25 11:54:56
1.26x,"rgb(52, 180, 255)",2024-07-25 11:55:30
2.90x,"rgb(145, 62, 248)",2024-07-25 11:55:30
7.06x,"rgb(145, 62, 248)",2024-07-25 11:56:01
1.04x,"rgb(52, 180, 255)",2024-07-25 11:56:36
1.67x,"rgb(52, 180, 255)",2024-07-25 11:56:37
3.15x,"rgb(145, 62, 248)",2024-07-25 11:57:11
3.06x,"rgb(145, 62, 248)",2024-07-25 11:57:43
1.38x,"rgb(52, 180, 255)",2024-07-25 11:58:16
1.14x,"rgb(52, 180, 255)",2024-07-25 11:58:50
7.77x,"rgb(145, 62, 248)",2024-07-25 11:58:50
2.03x,"rgb(145, 62, 248)",2024-07-25 11:59:22
4.11x,"rgb(145, 62, 248)",2024-07-25 11:59:55
6.61x,"rgb(145, 62, 248)",2024-07-25 12:00:28
5.76x,"rgb(145, 62, 248)",2024-07-25 12:01:00
3.10x,"rgb(145, 62, 248)",2024-07-25 12:02:04
1.34x,"rgb(52, 180, 255)",2024-07-25 12:02:04
13.12x,"rgb(192, 23, 180)",2024-07-25 12:02:35
2.28x,"rgb(145, 62, 248)",2024-07-25 12:02:35
1.47x,"rgb(52, 180, 255)",2024-07-25 12:02:35
2.36x,"rgb(145, 62, 248)",2024-07-25 12:03:06
3.38x,"rgb(145, 62, 248)",2024-07-25 12:03:06
8.15x,"rgb(145, 62, 248)",2024-07-25 12:03:06
37.18x,"rgb(192, 23, 180)",2024-07-25 12:03:06
1.88x,"rgb(52, 180, 255)",2024-07-25 12:03:36
2.64x,"rgb(145, 62, 248)",2024-07-25 12:03:36
15.18x,"rgb(192, 23, 180)",2024-07-25 12:03:36
1.02x,"rgb(52, 180, 255)",2024-07-25 12:03:36
2.73x,"rgb(145, 62, 248)",2024-07-25 12:04:08
2.61x,"rgb(145, 62, 248)",2024-07-25 12:04:08
1.85x,"rgb(52, 180, 255)",2024-07-25 12:04:08
1.60x,"rgb(52, 180, 255)",2024-07-25 12:04:08
5.79x,"rgb(145, 62, 248)",2024-07-25 12:04:08
6.31x,"rgb(145, 62, 248)",2024-07-25 14:16:30
1.06x,"rgb(52, 180, 255)",2024-07-25 14:16:30
1.27x,"rgb(52, 180, 255)",2024-07-25 14:16:30
1.84x,"rgb(52, 180, 255)",2024-07-25 14:16:31
1.31x,"rgb(52, 180, 255)",2024-07-25 14:16:32
1.10x,"rgb(52, 180, 255)",2024-07-25 14:16:38
6.39x,"rgb(145, 62, 248)",2024-07-25 14:16:40
1.20x,"rgb(52, 180, 255)",2024-07-25 14:16:41
1.70x,"rgb(52, 180, 255)",2024-07-25 14:16:42
1.24x,"rgb(52, 180, 255)",2024-07-25 14:16:45
1.98x,"rgb(52, 180, 255)",2024-07-25 14:16:46
1.63x,"rgb(52, 180, 255)",2024-07-25 14:16:46
1.65x,"rgb(52, 180, 255)",2024-07-25 14:16:47
2.06x,"rgb(145, 62, 248)",2024-07-25 14:16:48
3.42x,"rgb(145, 62, 248)",2024-07-25 14:16:50
1.88x,"rgb(52, 180, 255)",2024-07-25 14:16:51
1.02x,"rgb(52, 180, 255)",2024-07-25 14:16:51
1.00x,"rgb(52, 180, 255)",2024-07-25 14:16:52
1.69x,"rgb(52, 180, 255)",2024-07-25 14:16:52
3.62x,"rgb(145, 62, 248)",2024-07-25 14:16:52
1.06x,"rgb(52, 180, 255)",2024-07-25 14:16:53
4.47x,"rgb(145, 62, 248)",2024-07-25 14:16:55
4.14x,"rgb(145, 62, 248)",2024-07-25 14:16:56
1.45x,"rgb(52, 180, 255)",2024-07-25 14:16:57
1.30x,"rgb(52, 180, 255)",2024-07-25 14:16:59
5.92x,"rgb(145, 62, 248)",2024-07-25 14:17:00
1.26x,"rgb(52, 180, 255)",2024-07-25 14:17:00
3.16x,"rgb(145, 62, 248)",2024-07-25 14:37:49
1.16x,"rgb(52, 180, 255)",2024-07-25 14:37:49
1.09x,"rgb(52, 180, 255)",2024-07-25 14:37:49
30.61x,"rgb(192, 23, 180)",2024-07-25 14:37:50
1.17x,"rgb(52, 180, 255)",2024-07-25 14:37:51
1.07x,"rgb(52, 180, 255)",2024-07-25 14:37:55
6.41x,"rgb(145, 62, 248)",2024-07-25 14:38:03
1.21x,"rgb(52, 180, 255)",2024-07-25 14:38:03
1.18x,"rgb(52, 180, 255)",2024-07-25 14:38:08
1.11x,"rgb(52, 180, 255)",2024-07-25 14:38:09
1.28x,"rgb(52, 180, 255)",2024-07-25 14:38:09
1.19x,"rgb(52, 180, 255)",2024-07-25 14:38:09
1.33x,"rgb(52, 180, 255)",2024-07-25 14:38:10
4.96x,"rgb(145, 62, 248)",2024-07-25 14:38:10
1.50x,"rgb(52, 180, 255)",2024-07-25 14:38:10
5.42x,"rgb(145, 62, 248)",2024-07-25 14:38:10
7.86x,"rgb(145, 62, 248)",2024-07-25 14:38:10
2.46x,"rgb(145, 62, 248)",2024-07-25 14:38:10
5.47x,"rgb(145, 62, 248)",2024-07-25 14:38:10
1.14x,"rgb(52, 180, 255)",2024-07-25 14:38:11
43.35x,"rgb(192, 23, 180)",2024-07-25 14:38:11
5.47x,"rgb(145, 62, 248)",2024-07-25 14:38:11
1.60x,"rgb(52, 180, 255)",2024-07-25 14:38:11
7.60x,"rgb(145, 62, 248)",2024-07-25 14:39:18
1.76x,"rgb(52, 180, 255)",2024-07-25 14:39:18
1.29x,"rgb(52, 180, 255)",2024-07-25 14:39:18
4.91x,"rgb(145, 62, 248)",2024-07-25 14:40:23
1.51x,"rgb(52, 180, 255)",2024-07-25 14:40:23
1.87x,"rgb(52, 180, 255)",2024-07-25 14:40:23
6.86x,"rgb(145, 62, 248)",2024-07-25 14:40:58
1.73x,"rgb(52, 180, 255)",2024-07-25 14:40:59
5.09x,"rgb(145, 62, 248)",2024-07-25 14:42:34
2.38x,"rgb(145, 62, 248)",2024-07-25 14:42:35
1.38x,"rgb(52, 180, 255)",2024-07-25 14:42:35
1.02x,"rgb(52, 180, 255)",2024-07-25 14:43:36
1.00x,"rgb(52, 180, 255)",2024-07-25 14:43:36
1.00x,"rgb(52, 180, 255)",2024-07-25 14:43:37
1.02x,"rgb(52, 180, 255)",2024-07-25 14:43:37
2.00x,"rgb(145, 62, 248)",2024-07-25 14:43:37
2.08x,"rgb(145, 62, 248)",2024-07-25 14:43:37
3.70x,"rgb(145, 62, 248)",2024-07-25 14:44:38
2.73x,"rgb(145, 62, 248)",2024-07-25 14:45:09
1.45x,"rgb(52, 180, 255)",2024-07-25 14:45:09
1.42x,"rgb(52, 180, 255)",2024-07-25 14:46:10
5.03x,"rgb(145, 62, 248)",2024-07-25 14:46:10
1.20x,"rgb(52, 180, 255)",2024-07-25 14:47:42
1.30x,"rgb(52, 180, 255)",2024-07-25 14:47:42
1.10x,"rgb(52, 180, 255)",2024-07-25 14:47:42
9.99x,"rgb(145, 62, 248)",2024-07-25 14:49:14
2.63x,"rgb(145, 62, 248)",2024-07-25 14:49:14
1.44x,"rgb(52, 180, 255)",2024-07-25 14:49:14
1.60x,"rgb(52, 180, 255)",2024-07-25 14:50:44
1.53x,"rgb(52, 180, 255)",2024-07-25 14:50:45
2.67x,"rgb(145, 62, 248)",2024-07-25 14:50:45
1.04x,"rgb(52, 180, 255)",2024-07-25 14:50:45
1.66x,"rgb(52, 180, 255)",2024-07-25 14:50:45
2.46x,"rgb(145, 62, 248)",2024-07-25 14:51:48
5.47x,"rgb(145, 62, 248)",2024-07-25 14:51:48
1.14x,"rgb(52, 180, 255)",2024-07-25 14:51:48
43.35x,"rgb(192, 23, 180)",2024-07-25 14:51:48
14.98x,"rgb(192, 23, 180)",2024-07-25 14:51:48
1.19x,"rgb(52, 180, 255)",2024-07-25 14:52:19
1.33x,"rgb(52, 180, 255)",2024-07-25 14:52:19
4.96x,"rgb(145, 62, 248)",2024-07-25 14:52:19
1.50x,"rgb(52, 180, 255)",2024-07-25 14:52:19
5.42x,"rgb(145, 62, 248)",2024-07-25 14:52:19
7.86x,"rgb(145, 62, 248)",2024-07-25 14:52:19
14.14x,"rgb(192, 23, 180)",2024-07-25 14:52:19
2.90x,"rgb(145, 62, 248)",2024-07-25 14:52:19
1.07x,"rgb(52, 180, 255)",2024-07-25 14:53:20
6.41x,"rgb(145, 62, 248)",2024-07-25 14:53:20
1.21x,"rgb(52, 180, 255)",2024-07-25 14:53:20
1.18x,"rgb(52, 180, 255)",2024-07-25 14:53:20
1.11x,"rgb(52, 180, 255)",2024-07-25 14:53:20
1.28x,"rgb(52, 180, 255)",2024-07-25 14:53:20
2.76x,"rgb(145, 62, 248)",2024-07-25 14:53:21
1.36x,"rgb(52, 180, 255)",2024-07-25 14:53:21
7.60x,"rgb(145, 62, 248)",2024-07-25 14:53:51
1.76x,"rgb(52, 180, 255)",2024-07-25 14:53:51
1.29x,"rgb(52, 180, 255)",2024-07-25 14:53:51
1.51x,"rgb(52, 180, 255)",2024-07-25 14:53:51
1.87x,"rgb(52, 180, 255)",2024-07-25 14:53:52
1.51x,"rgb(52, 180, 255)",2024-07-25 14:53:52
1.29x,"rgb(52, 180, 255)",2024-07-25 14:53:53
4.91x,"rgb(145, 62, 248)",2024-07-25 14:54:23
6.86x,"rgb(145, 62, 248)",2024-07-25 14:54:23
1.73x,"rgb(52, 180, 255)",2024-07-25 14:54:23
5.09x,"rgb(145, 62, 248)",2024-07-25 14:54:23
2.38x,"rgb(145, 62, 248)",2024-07-25 14:54:23
1.38x,"rgb(52, 180, 255)",2024-07-25 14:54:23
78.87x,"rgb(192, 23, 180)",2024-07-25 14:54:24
1.00x,"rgb(52, 180, 255)",2024-07-25 14:54:54
1.02x,"rgb(52, 180, 255)",2024-07-25 14:54:54
2.00x,"rgb(145, 62, 248)",2024-07-25 14:54:54
2.08x,"rgb(145, 62, 248)",2024-07-25 14:54:54
3.70x,"rgb(145, 62, 248)",2024-07-25 14:54:54
1.55x,"rgb(52, 180, 255)",2024-07-25 14:54:55
3.35x,"rgb(145, 62, 248)",2024-07-25 14:54:55
2.73x,"rgb(145, 62, 248)",2024-07-25 14:56:25
1.45x,"rgb(52, 180, 255)",2024-07-25 14:56:25
1.42x,"rgb(52, 180, 255)",2024-07-25 14:56:25
5.03x,"rgb(145, 62, 248)",2024-07-25 14:56:25
1.20x,"rgb(52, 180, 255)",2024-07-25 14:56:25
1.30x,"rgb(52, 180, 255)",2024-07-25 14:56:26
1.10x,"rgb(52, 180, 255)",2024-07-25 14:56:26
2.63x,"rgb(145, 62, 248)",2024-07-25 14:56:26
1.44x,"rgb(52, 180, 255)",2024-07-25 14:56:26
8.71x,"rgb(145, 62, 248)",2024-07-25 14:56:26
1.42x,"rgb(52, 180, 255)",2024-07-25 14:56:26
5.47x,"rgb(145, 62, 248)",2024-07-25 14:57:26
1.14x,"rgb(52, 180, 255)",2024-07-25 14:57:26
43.35x,"rgb(192, 23, 180)",2024-07-25 14:57:26
1.60x,"rgb(52, 180, 255)",2024-07-25 14:57:26
9.99x,"rgb(145, 62, 248)",2024-07-25 14:57:27
1.53x,"rgb(52, 180, 255)",2024-07-25 14:57:27
2.67x,"rgb(145, 62, 248)",2024-07-25 14:57:27
1.04x,"rgb(52, 180, 255)",2024-07-25 14:57:27
1.66x,"rgb(52, 180, 255)",2024-07-25 14:57:27
14.98x,"rgb(192, 23, 180)",2024-07-25 14:57:27
3.25x,"rgb(145, 62, 248)",2024-07-25 14:57:27
4.96x,"rgb(145, 62, 248)",2024-07-25 14:57:57
1.50x,"rgb(52, 180, 255)",2024-07-25 14:57:57
5.42x,"rgb(145, 62, 248)",2024-07-25 14:57:57
7.86x,"rgb(145, 62, 248)",2024-07-25 14:57:57
2.46x,"rgb(145, 62, 248)",2024-07-25 14:57:57
1.19x,"rgb(52, 180, 255)",2024-07-25 14:57:58
14.14x,"rgb(192, 23, 180)",2024-07-25 14:57:58
2.90x,"rgb(145, 62, 248)",2024-07-25 14:57:58
2.76x,"rgb(145, 62, 248)",2024-07-25 14:57:58
1.36x,"rgb(52, 180, 255)",2024-07-25 14:57:58
1.87x,"rgb(52, 180, 255)",2024-07-25 14:58:58
1.21x,"rgb(52, 180, 255)",2024-07-25 14:58:59
1.07x,"rgb(52, 180, 255)",2024-07-25 14:58:59
131.68x,"rgb(192, 23, 180)",2024-07-25 14:58:59
1.95x,"rgb(52, 180, 255)",2024-07-25 14:58:59
7.60x,"rgb(145, 62, 248)",2024-07-25 14:59:59
1.76x,"rgb(52, 180, 255)",2024-07-25 14:59:59
1.29x,"rgb(52, 180, 255)",2024-07-25 14:59:59
1.51x,"rgb(52, 180, 255)",2024-07-25 14:59:59
1.51x,"rgb(52, 180, 255)",2024-07-25 15:00:00
1.29x,"rgb(52, 180, 255)",2024-07-25 15:00:00
78.87x,"rgb(192, 23, 180)",2024-07-25 15:00:00
2.60x,"rgb(145, 62, 248)",2024-07-25 15:00:00
1.43x,"rgb(52, 180, 255)",2024-07-25 15:00:00
4.91x,"rgb(145, 62, 248)",2024-07-25 15:01:31
6.86x,"rgb(145, 62, 248)",2024-07-25 15:01:31
1.73x,"rgb(52, 180, 255)",2024-07-25 15:01:31
5.09x,"rgb(145, 62, 248)",2024-07-25 15:01:31
2.38x,"rgb(145, 62, 248)",2024-07-25 15:01:31
1.38x,"rgb(52, 180, 255)",2024-07-25 15:01:31
3.70x,"rgb(145, 62, 248)",2024-07-25 15:01:31
1.55x,"rgb(52, 180, 255)",2024-07-25 15:01:32
3.35x,"rgb(145, 62, 248)",2024-07-25 15:01:32
4.97x,"rgb(145, 62, 248)",2024-07-25 15:01:32
1.16x,"rgb(52, 180, 255)",2024-07-25 15:01:32
1.03x,"rgb(52, 180, 255)",2024-07-25 15:01:32
5.73x,"rgb(145, 62, 248)",2024-07-25 15:01:32
1.00x,"rgb(52, 180, 255)",2024-07-25 15:02:03
1.02x,"rgb(52, 180, 255)",2024-07-25 15:02:03
2.00x,"rgb(145, 62, 248)",2024-07-25 15:02:03
2.08x,"rgb(145, 62, 248)",2024-07-25 15:02:03
1.42x,"rgb(52, 180, 255)",2024-07-25 15:02:03
5.03x,"rgb(145, 62, 248)",2024-07-25 15:02:03
1.20x,"rgb(52, 180, 255)",2024-07-25 15:02:03
1.30x,"rgb(52, 180, 255)",2024-07-25 15:02:03
1.10x,"rgb(52, 180, 255)",2024-07-25 15:02:03
2.63x,"rgb(145, 62, 248)",2024-07-25 15:02:03
1.44x,"rgb(52, 180, 255)",2024-07-25 15:02:03
8.71x,"rgb(145, 62, 248)",2024-07-25 15:02:03
2.73x,"rgb(145, 62, 248)",2024-07-25 15:02:34
1.45x,"rgb(52, 180, 255)",2024-07-25 15:02:34
9.99x,"rgb(145, 62, 248)",2024-07-25 15:02:34
1.53x,"rgb(52, 180, 255)",2024-07-25 15:02:34
2.67x,"rgb(145, 62, 248)",2024-07-25 15:02:34
1.04x,"rgb(52, 180, 255)",2024-07-25 15:02:34
1.66x,"rgb(52, 180, 255)",2024-07-25 15:02:34
1.19x,"rgb(52, 180, 255)",2024-07-25 15:02:34
14.98x,"rgb(192, 23, 180)",2024-07-25 15:02:34
14.14x,"rgb(192, 23, 180)",2024-07-25 15:02:34
2.90x,"rgb(145, 62, 248)",2024-07-25 15:02:34
2.76x,"rgb(145, 62, 248)",2024-07-25 15:02:34
1.36x,"rgb(52, 180, 255)",2024-07-25 15:02:34
3.25x,"rgb(145, 62, 248)",2024-07-25 15:02:35
4.58x,"rgb(145, 62, 248)",2024-07-25 15:02:35
4.16x,"rgb(145, 62, 248)",2024-07-25 15:02:35
1.87x,"rgb(52, 180, 255)",2024-07-25 15:03:05
1.21x,"rgb(52, 180, 255)",2024-07-25 15:03:05
1.07x,"rgb(52, 180, 255)",2024-07-25 15:03:05
131.68x,"rgb(192, 23, 180)",2024-07-25 15:03:05
1.95x,"rgb(52, 180, 255)",2024-07-25 15:03:06
78.87x,"rgb(192, 23, 180)",2024-07-25 15:03:36
2.60x,"rgb(145, 62, 248)",2024-07-25 15:03:37
1.43x,"rgb(52, 180, 255)",2024-07-25 15:03:37
1.51x,"rgb(52, 180, 255)",2024-07-25 15:04:37
1.29x,"rgb(52, 180, 255)",2024-07-25 15:04:37
25.44x,"rgb(192, 23, 180)",2024-07-25 15:04:38
8.64x,"rgb(145, 62, 248)",2024-07-25 15:04:38
1.16x,"rgb(52, 180, 255)",2024-07-25 15:05:12
1.03x,"rgb(52, 180, 255)",2024-07-25 15:05:12
5.73x,"rgb(145, 62, 248)",2024-07-25 15:05:12
1.55x,"rgb(52, 180, 255)",2024-07-25 15:05:43
3.35x,"rgb(145, 62, 248)",2024-07-25 15:05:44
4.97x,"rgb(145, 62, 248)",2024-07-25 15:05:44
2.38x,"rgb(145, 62, 248)",2024-07-25 15:06:16
1.38x,"rgb(52, 180, 255)",2024-07-25 15:06:19
3.70x,"rgb(145, 62, 248)",2024-07-25 15:06:20
20.06x,"rgb(192, 23, 180)",2024-07-25 15:06:21
8.03x,"rgb(145, 62, 248)",2024-07-25 15:08:12
1.75x,"rgb(52, 180, 255)",2024-07-25 15:08:12
1.44x,"rgb(52, 180, 255)",2024-07-25 15:08:43
8.71x,"rgb(145, 62, 248)",2024-07-25 15:08:44
6.86x,"rgb(145, 62, 248)",2024-07-25 15:08:44
8.92x,"rgb(145, 62, 248)",2024-07-25 15:08:44
1.20x,"rgb(52, 180, 255)",2024-07-25 15:09:53
1.20x,"rgb(52, 180, 255)",2024-07-25 15:09:54
1.30x,"rgb(52, 180, 255)",2024-07-25 15:09:58
1.10x,"rgb(52, 180, 255)",2024-07-25 15:09:58
2.63x,"rgb(145, 62, 248)",2024-07-25 15:09:59
1.30x,"rgb(52, 180, 255)",2024-07-25 15:10:00
2.16x,"rgb(145, 62, 248)",2024-07-25 15:10:00
1.56x,"rgb(52, 180, 255)",2024-07-25 15:10:00
1.10x,"rgb(52, 180, 255)",2024-07-25 15:10:00
1.00x,"rgb(52, 180, 255)",2024-07-25 15:11:30
1.00x,"rgb(52, 180, 255)",2024-07-25 15:11:31
1.42x,"rgb(52, 180, 255)",2024-07-25 15:11:31
3.25x,"rgb(145, 62, 248)",2024-07-25 15:11:31
4.58x,"rgb(145, 62, 248)",2024-07-25 15:11:31
4.16x,"rgb(145, 62, 248)",2024-07-25 15:11:31
1.02x,"rgb(52, 180, 255)",2024-07-25 15:11:32
2.32x,"rgb(145, 62, 248)",2024-07-25 15:11:32
2.48x,"rgb(145, 62, 248)",2024-07-25 15:11:32
1.17x,"rgb(52, 180, 255)",2024-07-25 15:11:32
1.57x,"rgb(52, 180, 255)",2024-07-25 15:11:32
2.51x,"rgb(145, 62, 248)",2024-07-25 15:19:27
2.91x,"rgb(145, 62, 248)",2024-07-25 15:19:28
2.59x,"rgb(145, 62, 248)",2024-07-25 15:19:28
2.46x,"rgb(145, 62, 248)",2024-07-25 15:19:28
2.13x,"rgb(145, 62, 248)",2024-07-25 15:19:28
7.72x,"rgb(145, 62, 248)",2024-07-25 15:19:28
4.37x,"rgb(145, 62, 248)",2024-07-25 15:19:28
1.05x,"rgb(52, 180, 255)",2024-07-25 15:19:28
2.90x,"rgb(145, 62, 248)",2024-07-25 15:19:28
1.94x,"rgb(52, 180, 255)",2024-07-25 15:19:28
1.14x,"rgb(52, 180, 255)",2024-07-25 15:19:28
1.65x,"rgb(52, 180, 255)",2024-07-25 15:19:28
1.23x,"rgb(52, 180, 255)",2024-07-25 15:19:28
7.99x,"rgb(145, 62, 248)",2024-07-25 15:19:28
32.66x,"rgb(192, 23, 180)",2024-07-25 15:19:29
1.27x,"rgb(52, 180, 255)",2024-07-25 15:19:29
1.68x,"rgb(52, 180, 255)",2024-07-25 15:19:29
1.31x,"rgb(52, 180, 255)",2024-07-25 15:19:29
4.82x,"rgb(145, 62, 248)",2024-07-25 15:19:30
1.16x,"rgb(52, 180, 255)",2024-07-25 15:20:05
1.16x,"rgb(52, 180, 255)",2024-07-25 15:20:06
15.66x,"rgb(192, 23, 180)",2024-07-25 15:20:40
4.49x,"rgb(145, 62, 248)",2024-07-25 15:21:40
1.35x,"rgb(52, 180, 255)",2024-07-25 15:21:40
6.34x,"rgb(145, 62, 248)",2024-07-25 15:22:41
2.99x,"rgb(145, 62, 248)",2024-07-25 15:22:41
1.48x,"rgb(52, 180, 255)",2024-07-25 15:24:18
1.07x,"rgb(52, 180, 255)",2024-07-25 15:24:18
4.19x,"rgb(145, 62, 248)",2024-07-25 15:24:49
2.25x,"rgb(145, 62, 248)",2024-07-25 15:25:21
1.72x,"rgb(52, 180, 255)",2024-07-25 15:26:29
12.48x,"rgb(192, 23, 180)",2024-07-25 15:27:00
1.26x,"rgb(52, 180, 255)",2024-07-25 15:27:31
5.70x,"rgb(145, 62, 248)",2024-07-25 15:28:02
3.19x,"rgb(145, 62, 248)",2024-07-25 15:28:33
9.94x,"rgb(145, 62, 248)",2024-07-25 15:29:04
1.10x,"rgb(52, 180, 255)",2024-07-25 15:29:35
1.85x,"rgb(52, 180, 255)",2024-07-25 15:29:36
11.11x,"rgb(192, 23, 180)",2024-07-25 15:30:48
1.30x,"rgb(52, 180, 255)",2024-07-25 15:30:48
2.40x,"rgb(145, 62, 248)",2024-07-25 15:30:48
1.20x,"rgb(52, 180, 255)",2024-07-25 15:31:19
1.59x,"rgb(52, 180, 255)",2024-07-25 15:31:20
3.40x,"rgb(145, 62, 248)",2024-07-25 15:31:51
19.79x,"rgb(192, 23, 180)",2024-07-25 15:32:26
4.07x,"rgb(145, 62, 248)",2024-07-25 15:33:38
15.51x,"rgb(192, 23, 180)",2024-07-25 15:33:38
4.42x,"rgb(145, 62, 248)",2024-07-25 15:34:10
3.27x,"rgb(145, 62, 248)",2024-07-25 15:34:41
1.58x,"rgb(52, 180, 255)",2024-07-25 15:35:12
1.00x,"rgb(52, 180, 255)",2024-07-25 15:35:43
2.30x,"rgb(145, 62, 248)",2024-07-25 15:35:43
1.68x,"rgb(52, 180, 255)",2024-07-25 15:36:14
1.31x,"rgb(52, 180, 255)",2024-07-25 15:36:14
4.82x,"rgb(145, 62, 248)",2024-07-25 15:36:14
3.68x,"rgb(145, 62, 248)",2024-07-25 15:36:14
1.88x,"rgb(52, 180, 255)",2024-07-25 15:36:14
1.23x,"rgb(52, 180, 255)",2024-07-25 15:37:25
7.99x,"rgb(145, 62, 248)",2024-07-25 15:37:25
32.66x,"rgb(192, 23, 180)",2024-07-25 15:37:25
1.27x,"rgb(52, 180, 255)",2024-07-25 15:37:25
2.42x,"rgb(145, 62, 248)",2024-07-25 15:37:25
2.60x,"rgb(145, 62, 248)",2024-07-25 15:37:25
1.34x,"rgb(52, 180, 255)",2024-07-25 15:37:25
8.25x,"rgb(145, 62, 248)",2024-07-26 10:25:56
1.93x,"rgb(52, 180, 255)",2024-07-26 10:25:57
2.02x,"rgb(145, 62, 248)",2024-07-26 10:25:58
252.82x,"rgb(192, 23, 180)",2024-07-26 10:26:00
34.07x,"rgb(192, 23, 180)",2024-07-26 10:26:03
3.81x,"rgb(145, 62, 248)",2024-07-26 10:26:03
1.32x,"rgb(52, 180, 255)",2024-07-26 10:26:04
1.18x,"rgb(52, 180, 255)",2024-07-26 10:26:05
1.06x,"rgb(52, 180, 255)",2024-07-26 10:26:08
2.84x,"rgb(145, 62, 248)",2024-07-26 10:26:09
14.53x,"rgb(192, 23, 180)",2024-07-26 10:26:11
22.68x,"rgb(192, 23, 180)",2024-07-26 10:26:12
2.01x,"rgb(145, 62, 248)",2024-07-26 10:26:12
1.00x,"rgb(52, 180, 255)",2024-07-26 10:26:12
2.42x,"rgb(145, 62, 248)",2024-07-26 10:26:13
2.45x,"rgb(145, 62, 248)",2024-07-26 10:26:16
38.75x,"rgb(192, 23, 180)",2024-07-26 10:26:16
1.64x,"rgb(52, 180, 255)",2024-07-26 10:26:17
6.61x,"rgb(145, 62, 248)",2024-07-26 10:26:17
1.20x,"rgb(52, 180, 255)",2024-07-26 10:26:17
3.04x,"rgb(145, 62, 248)",2024-07-26 10:26:18
1.08x,"rgb(52, 180, 255)",2024-07-26 10:26:19
1.78x,"rgb(52, 180, 255)",2024-07-26 10:26:21
1.42x,"rgb(52, 180, 255)",2024-07-26 10:26:21
1.49x,"rgb(52, 180, 255)",2024-07-26 10:26:22
1.10x,"rgb(52, 180, 255)",2024-07-26 10:26:54
3.07x,"rgb(145, 62, 248)",2024-07-26 10:26:55
17.93x,"rgb(192, 23, 180)",2024-07-26 10:27:26
6.27x,"rgb(145, 62, 248)",2024-07-26 10:27:59
2.92x,"rgb(145, 62, 248)",2024-07-26 10:28:33
1.66x,"rgb(52, 180, 255)",2024-07-26 10:28:33
2.89x,"rgb(145, 62, 248)",2024-07-26 10:29:16
5.38x,"rgb(145, 62, 248)",2024-07-26 10:29:49
8.89x,"rgb(145, 62, 248)",2024-07-26 10:30:27
1.41x,"rgb(52, 180, 255)",2024-07-26 10:30:27
1.52x,"rgb(52, 180, 255)",2024-07-26 10:31:10
1.25x,"rgb(52, 180, 255)",2024-07-26 10:31:10
